audio-protocols/audio-protocols-aes50-point-to-point-chain-01.png	68
audio-protocols/audio-protocols-aes50-point-to-point-chain-02.png	0
audio-protocols/audio-protocols-aes67-interoperability-overlap-01.png	52
audio-protocols/audio-protocols-aes67-interoperability-overlap-02.png	0
audio-protocols/audio-protocols-avb-milan-reserved-bandwidth-01.png	110
audio-protocols/audio-protocols-avb-milan-reserved-bandwidth-02.png	0
audio-protocols/audio-protocols-dante-network-topology-01.png	55
audio-protocols/audio-protocols-dante-network-topology-02.png	0
audio-protocols/audio-protocols-ndi-bandwidth-tiers-01.png	78
audio-protocols/audio-protocols-ndi-bandwidth-tiers-02.png	0
audio-protocols/audio-protocols-protocol-comparison-matrix-01.png	75
audio-protocols/audio-protocols-protocol-comparison-matrix-02.png	0
audio-protocols/audio-protocols-protocol-osi-layer-map-01.png	32
audio-protocols/audio-protocols-protocol-osi-layer-map-02.png	0
audio-protocols/audio-protocols-smpte-2110-essence-separation-01.png	63
audio-protocols/audio-protocols-smpte-2110-essence-separation-02.png	0
electronics/electronics-ac-vs-dc-waveform-01.png	20
electronics/electronics-ac-vs-dc-waveform-02.png	0
electronics/electronics-bjt-voltage-divider-bias-01.png	9
electronics/electronics-bjt-voltage-divider-bias-02.png	0
electronics/electronics-breadboard-internal-connections-01.png	36
electronics/electronics-constant-q-against-proportional-q-01.png	0
electronics/electronics-electrical-safety-current-path-01.png	54
electronics/electronics-electrical-safety-current-path-02.png	0
electronics/electronics-filter-alignments-01.png	0
electronics/electronics-filter-q-against-bandwidth-01.png	0
electronics/electronics-frequency-scaling-01.png	0
electronics/electronics-opamp-inverting-vs-noninverting-01.png	30
electronics/electronics-opamp-inverting-vs-noninverting-02.png	0
electronics/electronics-opamp-summing-amplifier-01.png	26
electronics/electronics-opamp-summing-amplifier-02.png	0
electronics/electronics-parametric-eq-boost-and-cut-01.png	0
electronics/electronics-rms-peak-peak-to-peak-01.png	13
electronics/electronics-rms-peak-peak-to-peak-02.png	0
electronics/electronics-semiconductor-pn-junction-01.png	28
electronics/electronics-semiconductor-pn-junction-02.png	0
ip-addressing/ip-addressing-cidr-block-sizes-01.png	22
ip-addressing/ip-addressing-cidr-block-sizes-02.png	0
ip-addressing/ip-addressing-ipv4-address-anatomy-01.png	42
ip-addressing/ip-addressing-ipv4-address-anatomy-02.png	0
ip-addressing/ip-addressing-ipv6-address-anatomy-01.png	88
ip-addressing/ip-addressing-ipv6-address-anatomy-02.png	0
ip-addressing/ip-addressing-nat-translation-flow-01.png	53
ip-addressing/ip-addressing-nat-translation-flow-02.png	0
ip-addressing/ip-addressing-private-address-ranges-01.png	72
ip-addressing/ip-addressing-private-address-ranges-02.png	0
ip-addressing/ip-addressing-subnet-mask-bit-boundary-01.png	57
ip-addressing/ip-addressing-subnet-mask-bit-boundary-02.png	0
network-architecture/network-architecture-igmp-snooping-effect-01.png	3
network-architecture/network-architecture-igmp-snooping-effect-02.png	0
network-architecture/network-architecture-multicast-vs-unicast-flow-01.png	48
network-architecture/network-architecture-multicast-vs-unicast-flow-02.png	0
network-architecture/network-architecture-ptp-clock-hierarchy-01.png	71
network-architecture/network-architecture-ptp-clock-hierarchy-02.png	0
network-architecture/network-architecture-qos-dscp-priority-queue-01.png	65
network-architecture/network-architecture-qos-dscp-priority-queue-02.png	0
network-architecture/network-architecture-trunk-port-tagging-01.png	0
network-architecture/network-architecture-trunk-port-tagging-02.png	0
network-architecture/network-architecture-vlan-segmentation-01.png	64
network-architecture/network-architecture-vlan-segmentation-02.png	0
network-configuration/network-configuration-dhcp-four-step-handshake-01.png	25
network-configuration/network-configuration-dhcp-four-step-handshake-02.png	0
network-configuration/network-configuration-dns-resolution-chain-01.png	31
network-configuration/network-configuration-dns-resolution-chain-02.png	0
network-configuration/network-configuration-managed-vs-unmanaged-switch-01.png	32
network-configuration/network-configuration-static-vs-dhcp-assignment-01.png	128
network-configuration/network-configuration-static-vs-dhcp-assignment-02.png	0
network-diagnostics/network-diagnostics-arp-resolution-sequence-01.png	73
network-diagnostics/network-diagnostics-arp-resolution-sequence-02.png	0
network-diagnostics/network-diagnostics-capture-point-placement-01.png	86
network-diagnostics/network-diagnostics-capture-point-placement-02.png	0
network-diagnostics/network-diagnostics-diagnostic-ladder-01.png	82
network-diagnostics/network-diagnostics-diagnostic-ladder-02.png	0
network-diagnostics/network-diagnostics-mirror-against-tap-01.png	0
network-diagnostics/network-diagnostics-ping-round-trip-01.png	85
network-diagnostics/network-diagnostics-ping-round-trip-02.png	0
network-diagnostics/network-diagnostics-traceroute-hop-discovery-01.png	4
network-diagnostics/network-diagnostics-traceroute-hop-discovery-02.png	4
network-diagnostics/network-diagnostics-troubleshooting-decision-tree-01.png	114
network-diagnostics/network-diagnostics-troubleshooting-decision-tree-02.png	0
network-foundations/network-foundations-analog-snake-vs-network-01.png	153
network-foundations/network-foundations-layer2-switch-frame-forwarding-01.png	0
network-foundations/network-foundations-layer2-switch-frame-forwarding-02.png	0
network-foundations/network-foundations-layer3-router-between-subnets-01.png	63
network-foundations/network-foundations-layer3-router-between-subnets-02.png	0
network-foundations/network-foundations-osi-seven-layer-stack-01.png	91
network-foundations/network-foundations-osi-seven-layer-stack-02.png	0
network-foundations/network-foundations-straight-through-vs-crossover-01.png	24
network-foundations/network-foundations-t568a-t568b-pin-order-01.png	16
network-foundations/network-foundations-tcp-vs-udp-comparison-01.png	65
network-foundations/network-foundations-tcp-vs-udp-comparison-02.png	0
electronics/electronics-current-path-through-body-01.jpg	0
electronics/electronics-good-vs-cold-solder-joint-01.jpg	773
electronics/electronics-peak-p2p-rms-voltage-01.jpg	885
electronics/electronics-solder-joint-macro-01.jpg	0
electronics/electronics-talkback-box-assembled-01.jpg	0
electronics/electronics-talkback-box-din-solder-joints-01.jpg	0
electronics/electronics-talkback-box-internal-wiring-01.jpg	0
electronics/electronics-talkback-box-internal-wiring-02.jpg	0
electronics/electronics-talkback-box-kit-contents-01.jpg	0
electronics/electronics-talkback-box-panel-connectors-01.jpg	0
electronics/electronics-three-bjt-amplifier-configs-01.jpg	663
electronics/electronics-xlr-female-pin-numbering-01.jpg	0
